<PAMDataset>
  <SRS>PROJCS["ETRS_1989_UTM_Zone_30N",GEOGCS["GCS_ETRS_1989",DATUM["ETRS_1989",SPHEROID["GRS_1980",6378137.0,298.257222101]],PRIMEM["Greenwich",0.0],UNIT["Degree",0.0174532925199433]],PROJECTION["Transverse_Mercator"],PARAMETER["False_Easting",500000.0],PARAMETER["False_Northing",0.0],PARAMETER["Central_Meridian",-3.0],PARAMETER["Scale_Factor",0.9996],PARAMETER["Latitude_Of_Origin",0.0],UNIT["Meter",1.0]]</SRS>
  <Metadata>
    <MDI key="COLORSPACE">GREYSCALE</MDI>
    <MDI key="COMPRESSION_RATE_TARGET">6</MDI>
    <MDI key="VERSION">1</MDI>
  </Metadata>
  <PAMRasterBand band="1">
    <Description>Grayscale</Description>
    <Histograms>
      <HistItem>
        <HistMin>-0.498046875</HistMin>
        <HistMax>255.498046875</HistMax>
        <BucketCount>256</BucketCount>
        <IncludeOutOfRange>0</IncludeOutOfRange>
        <Approximate>1</Approximate>
        <HistCounts>0|0|0|0|0|0|0|0|0|0|0|0|0|0|0|0|0|0|0|0|0|1|1|0|1|0|0|0|2|0|2|0|0|0|1|0|1|0|0|1|0|2|2|0|2|0|5|2|1|1|2|3|7|6|5|5|5|6|8|5|10|10|7|6|8|13|7|11|7|7|10|14|12|8|15|12|20|8|24|21|16|15|16|21|21|17|14|28|26|13|15|24|38|28|27|28|29|19|29|27|28|22|37|39|28|45|26|32|30|20|34|30|32|30|29|23|31|39|32|25|30|18|16|24|32|21|17|28|20|24|19|17|15|12|14|22|16|17|17|17|18|17|24|15|16|13|15|10|13|11|9|10|13|12|10|13|9|9|11|6|5|11|6|7|5|6|7|10|4|5|10|2|4|7|8|5|7|7|7|3|7|1|3|6|2|2|7|8|9|5|5|2|4|3|2|1|6|3|8|1|3|5|4|5|6|4|3|3|3|4|5|6|4|3|3|5|7|4|3|3|9|1|6|7|6|3|5|2|4|3|0|8|4|6|6|2|5|2|3|2|3|3|5|2|4|4|4|2|1|2|2|2|7|4|3|34</HistCounts>
      </HistItem>
    </Histograms>
  </PAMRasterBand>
</PAMDataset>
