<PAMDataset>
  <SRS>PROJCS["ETRS_1989_UTM_Zone_30N",GEOGCS["GCS_ETRS_1989",DATUM["ETRS_1989",SPHEROID["GRS_1980",6378137.0,298.257222101]],PRIMEM["Greenwich",0.0],UNIT["Degree",0.0174532925199433]],PROJECTION["Transverse_Mercator"],PARAMETER["False_Easting",500000.0],PARAMETER["False_Northing",0.0],PARAMETER["Central_Meridian",-3.0],PARAMETER["Scale_Factor",0.9996],PARAMETER["Latitude_Of_Origin",0.0],UNIT["Meter",1.0]]</SRS>
  <Metadata>
    <MDI key="COLORSPACE">GREYSCALE</MDI>
    <MDI key="COMPRESSION_RATE_TARGET">101</MDI>
    <MDI key="VERSION">1</MDI>
  </Metadata>
  <PAMRasterBand band="1">
    <Description>Grayscale</Description>
    <Histograms>
      <HistItem>
        <HistMin>-0.498046875</HistMin>
        <HistMax>255.498046875</HistMax>
        <BucketCount>256</BucketCount>
        <IncludeOutOfRange>0</IncludeOutOfRange>
        <Approximate>1</Approximate>
        <HistCounts>0|1|0|0|0|0|0|0|0|0|0|0|0|0|0|0|0|0|0|0|0|0|0|0|0|0|0|0|0|0|0|0|0|0|0|0|0|0|0|0|0|0|0|1|0|0|0|0|0|0|0|0|0|0|0|0|0|0|0|1|0|0|0|1|0|0|0|0|0|0|0|1|0|0|0|0|0|0|0|0|1|0|0|0|0|0|0|0|1|0|0|0|2|0|0|0|0|0|0|0|0|0|0|0|0|0|0|0|0|2|0|2|1|1|0|1|0|2|3|0|3|0|3|3|4|4|4|1670|135|280|79|9|6|7|4|2|0|0|3|2|3|1|3|3|0|3|0|3|0|1|1|2|1|2|2|0|1|1|1|0|1|2|1|0|0|1|0|0|2|1|2|1|1|2|1|1|1|0|0|2|3|3|1|0|0|1|2|1|1|1|2|2|1|0|1|1|1|1|1|1|1|0|1|0|1|0|1|0|1|0|2|3|1|2|0|1|2|2|3|2|3|5|2|3|4|3|2|1|2|3|4|3|3|1|3|1|3|3|1|2|2|2|4|7|6|5|5|2|5|4|2|0|0|3|1|47</HistCounts>
      </HistItem>
    </Histograms>
  </PAMRasterBand>
</PAMDataset>
