<PAMDataset>
  <PAMRasterBand band="1">
    <Description>Grayscale</Description>
    <Histograms>
      <HistItem>
        <HistMin>-0.498046875</HistMin>
        <HistMax>255.498046875</HistMax>
        <BucketCount>256</BucketCount>
        <IncludeOutOfRange>0</IncludeOutOfRange>
        <Approximate>1</Approximate>
        <HistCounts>0|0|0|0|0|0|0|0|0|0|1|0|0|1|0|0|0|0|0|0|0|0|1|0|0|1|0|0|0|0|0|1|0|0|0|0|1|0|1|0|1|0|0|0|2|0|1|1|0|0|1|2|1|2|1|0|3|1|0|0|2|0|1|1|1|2|1|4|2|1|3|1|2|2|2|1|1|1|1|2|4|2|4|2|4|4|6|4|6|12|8|5|10|4|9|6|5|7|3|13|8|13|12|10|15|9|12|13|17|10|15|20|15|18|26|23|24|26|22|30|35|31|30|35|43|32|60|46|43|54|58|47|47|47|50|50|38|66|53|53|46|52|40|42|40|41|37|38|49|33|34|31|29|30|33|24|27|22|28|13|14|15|16|15|13|17|14|10|12|12|11|11|6|8|14|13|6|10|8|4|11|9|8|2|7|3|5|7|3|4|5|5|2|6|4|2|1|3|5|2|6|0|2|3|0|3|1|1|0|1|2|1|3|0|0|0|4|1|1|0|0|1|1|0|0|1|0|1|0|0|0|0|0|0|0|1|0|0|0|0|1|0|0|0|0|0|0|0|1|1|1|1|0|0|0|1</HistCounts>
      </HistItem>
      <HistItem>
        <HistMin>21.50213675213675</HistMin>
        <HistMax>255.4978632478633</HistMax>
        <BucketCount>234</BucketCount>
        <IncludeOutOfRange>0</IncludeOutOfRange>
        <Approximate>1</Approximate>
        <HistCounts>1|0|0|0|0|0|0|0|0|0|0|0|0|0|1|0|1|1|1|0|0|1|1|1|0|0|1|1|1|1|3|1|0|0|0|3|2|2|1|2|2|1|4|1|4|4|1|1|2|2|4|2|1|2|4|1|1|1|1|4|5|5|2|5|7|6|5|7|7|10|3|8|8|4|7|15|8|11|8|9|10|5|15|4|14|20|14|14|23|13|19|22|18|23|25|31|36|36|34|30|29|42|38|37|34|45|42|44|58|40|52|48|43|54|55|47|56|47|43|51|41|41|46|42|37|33|28|21|30|28|37|33|23|31|33|32|21|16|20|19|14|19|16|23|8|10|11|11|9|8|9|9|13|7|14|15|10|4|9|3|5|2|4|5|9|1|9|2|4|6|3|3|2|2|2|4|6|2|1|3|2|2|4|5|0|3|1|1|3|1|1|4|2|1|2|0|2|0|1|0|0|0|1|1|1|0|0|0|1|0|1|1|0|0|1|1|0|0|0|0|0|1|1|1|0|0|1|1|0|0|1|1|0|1</HistCounts>
      </HistItem>
    </Histograms>
    <Metadata domain="IMAGE_STRUCTURE">
      <MDI key="COMPRESSION">JPEG2000</MDI>
    </Metadata>
    <Metadata>
      <MDI key="STATISTICS_MAXIMUM">255</MDI>
      <MDI key="STATISTICS_MEAN">136.41733870968</MDI>
      <MDI key="STATISTICS_MINIMUM">22</MDI>
      <MDI key="STATISTICS_STDDEV">27.592959118542</MDI>
    </Metadata>
  </PAMRasterBand>
</PAMDataset>
