<PAMDataset>
  <SRS>PROJCS["ETRS_1989_UTM_Zone_30N",GEOGCS["GCS_ETRS_1989",DATUM["ETRS_1989",SPHEROID["GRS_1980",6378137.0,298.257222101]],PRIMEM["Greenwich",0.0],UNIT["Degree",0.0174532925199433]],PROJECTION["Transverse_Mercator"],PARAMETER["False_Easting",500000.0],PARAMETER["False_Northing",0.0],PARAMETER["Central_Meridian",-3.0],PARAMETER["Scale_Factor",0.9996],PARAMETER["Latitude_Of_Origin",0.0],UNIT["Meter",1.0]]</SRS>
  <Metadata>
    <MDI key="COLORSPACE">GREYSCALE</MDI>
    <MDI key="COMPRESSION_RATE_TARGET">8</MDI>
    <MDI key="VERSION">1</MDI>
  </Metadata>
  <PAMRasterBand band="1">
    <Description>Grayscale</Description>
    <Histograms>
      <HistItem>
        <HistMin>-0.498046875</HistMin>
        <HistMax>255.498046875</HistMax>
        <BucketCount>256</BucketCount>
        <IncludeOutOfRange>0</IncludeOutOfRange>
        <Approximate>1</Approximate>
        <HistCounts>0|0|0|0|0|0|0|0|0|0|0|0|1|1|2|1|0|2|1|1|0|0|1|0|0|3|1|1|0|2|1|1|4|6|5|2|2|6|8|6|4|4|9|4|8|10|2|8|6|9|6|8|4|6|6|3|7|5|8|8|10|15|7|7|7|9|7|7|13|14|16|8|12|11|10|13|10|14|12|19|16|21|14|16|9|25|17|18|16|20|12|19|26|23|22|17|21|22|25|30|16|29|20|23|22|22|17|18|22|21|14|18|31|20|23|17|22|18|16|22|18|15|14|17|27|18|17|25|21|12|13|11|14|20|19|16|12|20|12|9|15|13|8|13|22|10|17|18|12|17|17|13|7|11|8|8|15|14|16|12|14|10|13|12|10|8|11|9|8|17|9|11|13|10|6|17|9|8|12|14|13|14|5|8|12|6|10|10|12|11|8|11|7|7|9|1|13|9|7|3|5|5|7|4|3|8|8|7|7|6|9|9|8|5|1|6|5|6|6|8|3|7|6|13|7|9|7|10|4|6|5|5|9|8|5|1|3|2|4|0|7|4|3|2|2|2|4|2|2|0|3|2|1|3|1|8</HistCounts>
      </HistItem>
    </Histograms>
  </PAMRasterBand>
</PAMDataset>
